Point ID,Points_0,Points_1,Points_2,Points_Magnitude
4,-0.001352875,0.106842321,0.00E+00,0.137549028
1,-0.001352875,0.00E+00,-0.008333954,0.011196649
10,-0.001352875,0.00E+00,-0.245539278,0.011196649
