Point ID,Points_0,Points_1,Points_2,Points_Magnitude
4,0.038114164,0.076142259,0.00E+00,0.085148886
5,0.038114164,0.062655479,-0.001022616,0.073344693
2,0.038114164,0.05443367,-0.001595982,0.066470005
3,0.038114164,0.031334437,-0.003387379,0.049457163
0,0.038114164,0.027181106,-0.003663872,0.04695664
1,0.038114164,0.011883965,-0.004815978,0.040213328
6,0.038114164,0.00E+00,-0.005553293,0.0385166
10,-0.001352875,0.00E+00,-0.245539278,0.011196649
