Point ID,Points_0,Points_1,Points_2,Points_Magnitude
4,0.038114164,0.03807113,0.00E+00,0.085148886
6,0.038114164,0.00E+00,-0.003143071,0.0385166
10,-0.001352875,0.00E+00,-0.245539278,0.011196649
