Point ID,Points_0,Points_1,Points_2,Points_Magnitude
4,0.038114164,0.00E+00,0.00E+00,0.085148886
5,0.038114164,0.00E+00,-0.13,0.073344693
2,0.038114164,0.00E+00,-0.207,0.066470005
10,-0.001352875,0.00E+00,-0.245539278,0.011196649
